12141,21772,19119,17712,4962,20252,10008,10038
13691,20438,27707,10631,4962,20252,10008,10038
12630,21523,27544,10929,4962,20438,10925,10038
8851,23067,22267,13859,4962,20438,10925,10038
4937,27236,12851,19128,4937,20438,10925,10038
5221,29545,10376,27512,4937,20438,10376,10038
6190,28361,12452,25507,4937,20438,10376,10038
9981,22527,17339,19196,4937,20438,10376,10038
9194,21004,22093,11942,4937,20438,10376,10038
8770,21576,24012,11088,4937,20438,10376,10038
8060,22336,21901,12819,4937,20438,10376,10038
5096,24064,14355,15387,4937,20438,10376,10038
5270,25445,10915,22185,4937,21004,10376,11088
5409,25407,12165,22520,4937,21004,10376,11088
6171,23115,14123,20236,4937,21004,10376,11088
9211,21053,19767,13150,4937,21004,10376,11088
8658,21459,24267,10973,4937,21004,10376,10973
8278,22044,22670,12346,4937,21004,10376,10973
5285,23161,16635,14826,4937,21004,10376,10973
5289,25978,11126,20202,4937,21004,10376,10973
5391,25502,11823,22825,4937,21004,10376,10973
5741,24231,13516,21084,4937,21004,10376,10973
8874,21152,17565,15191,5285,21053,11126,10973
8802,21230,24452,10930,5285,21053,11126,10930
8459,21977,23257,11710,5285,21053,11126,10930
6159,22642,19185,13881,5285,21053,11126,10930
5294,25947,11789,18042,5285,21053,11126,10930
5327,25580,11306,23154,5285,21053,11126,10930
5602,24856,13171,21743,5285,21053,11126,10930
8169,21339,15896,17379,5285,21053,11126,10930
9075,21088,23689,11545,5285,21053,11126,10930
8574,21726,23513,11381,5285,21053,11126,10930
7287,22468,20947,13148,5294,21088,11306,10930
5173,25002,12830,16351,5173,21088,11306,10930
5308,25686,11099,23393,5173,21088,11099,10930
5437,25198,12537,22224,5173,21088,11099,10930
6907,22234,14896,19349,5173,21088,11099,10930
9109,20968,21472,12302,5173,20968,11099,10930
8594,21596,24126,11031,5173,20968,11099,10930
8218,22212,22116,12568,5173,20968,11099,10930
5073,23790,14977,15220,5073,20968,11099,10930
5287,25379,10917,21684,5073,20968,10917,10930
5401,25456,12145,22663,5073,20968,10917,11031
5986,23519,13774,20544,5073,20968,10917,11031
9196,21063,19032,13663,5073,20968,10917,11031
8603,21357,24360,10936,5073,20968,10917,10936
8436,22022,22914,12024,5073,20968,10917,10936
5570,22871,17521,14416,5073,20968,10917,10936
5294,26186,11525,19615,5073,20968,10917,10936
5359,25617,11736,22814,5073,20968,10917,10936
5636,24577,13330,21322,5073,20968,10917,10936
8697,21106,17113,15793,5073,20968,10917,10936
8779,21171,24548,11149,5294,21063,11525,10936
8505,21814,23358,11682,5294,21063,11525,10936
6533,22621,19830,13648,5294,21063,11525,10936
5290,25661,12080,17517,5290,21063,11525,10936
5318,25673,11295,23281,5290,21063,11295,10936
5521,25053,12881,21810,5290,21063,11295,10936
7697,21501,15882,18045,5290,21063,11295,10936
8996,21017,23078,11682,5290,21017,11295,10936
8522,21639,23716,11234,5290,21017,11295,10936
7438,22406,21219,12971,5290,21017,11295,10936
5124,24578,13328,16049,5124,21017,11295,11234
5306,25552,11109,22934,5124,21017,11109,11234
5458,25301,12428,22198,5124,21017,11109,11234
6722,22503,14681,19779,5124,21017,11109,11234
9142,20956,20750,12579,5124,20956,11109,11234
8620,21507,24151,11045,5124,20956,11109,11045
8319,22189,22293,12442,5124,20956,11109,11045
5092,23535,15570,15006,5092,20956,11109,11045
5275,25446,10923,21304,5092,20956,10923,11045
5438,25328,11978,22565,5092,20956,10923,11045
5762,23772,13882,20849,5092,20956,10923,11045
9066,21071,18544,14226,5092,20956,10923,11045
8880,21242,24392,10841,5092,20956,10923,10841
8463,21956,23000,12116,5092,20956,10923,10841
5700,22818,17980,14206,5092,20956,10923,10841
5294,26129,11478,19150,5092,20956,10923,10841
5355,25571,11640,23058,5092,20956,10923,10841
5639,24687,13341,21446,5092,20956,10923,10841
8400,21152,16510,16266,5092,20956,10923,10841
8882,21110,24429,11266,5092,20956,10923,10841
8484,21797,23363,11451,5294,21071,11478,10841
6673,22592,20100,13400,5294,21071,11478,10841
5277,25484,12296,17155,5277,21071,11478,10841
5329,25651,11243,23375,5277,21071,11243,10841
5505,25028,12966,21938,5277,21071,11243,10841
7470,21673,15579,18503,5277,21071,11243,10841
9035,20964,22649,11884,5277,20964,11243,10841
8586,21612,23818,11143,5277,20964,11243,10841
7656,22325,21612,12950,5277,20964,11243,10841
5138,24353,13772,15988,5138,20964,11243,10841
5306,25430,11036,22717,5138,20964,11036,11143
5414,25284,12364,22353,5138,20964,11036,11143
6367,22807,14177,20160,5138,20964,11036,11143
9080,21028,20167,12903,5138,20964,11036,11143
8560,21381,24178,11122,5138,20964,11036,11122
8269,22060,22564,12388,5138,20964,11036,11122
5249,23314,16147,14554,5138,20964,11036,11122
5401,26157,11142,20784,5138,20964,11036,11122
5518,25729,11991,22729,5138,20964,11036,11122
5702,24162,13492,20934,5138,20964,11036,11122
8799,21083,17928,14752,5249,21028,11142,11122
8673,21220,24537,10906,5249,21028,11142,10906
8351,21858,23129,11773,5249,21028,11142,10906
6139,22642,18798,14050,5249,21028,11142,10906
5492,26046,11808,18497,5249,21028,11142,10906
5486,25615,11359,23229,5249,21028,11142,10906
5667,24959,13104,21674,5249,21028,11142,10906
8254,21202,16067,17087,5249,21028,11142,10906
8896,21079,24096,11455,5249,21028,11142,10906
8457,21672,23475,11490,5249,21028,11142,10906
7136,22380,20757,13336,5486,21079,11359,10906
5400,25052,12933,16653,5400,21079,11359,10906
5512,25640,11251,23308,5400,21079,11251,10906
5551,25197,12605,22083,5400,21079,11251,10906
7116,22019,14880,19223,5400,21079,11251,10906
8884,20874,21635,12242,5400,20874,11251,10906
8486,21490,23927,11110,5400,20874,11251,10906
7950,22239,21988,12583,5400,20874,11251,10906
5389,23829,14695,15297,5389,20874,11251,10906
5764,25235,11014,22010,5389,20874,11014,10906
5686,25267,12292,22417,5389,20874,11014,11110
6081,23226,13930,20321,5389,20874,11014,11110
8781,21010,19213,13517,5389,20874,11014,11110
8714,21317,24235,10984,5389,20874,11014,10984
8277,21952,22828,12165,5389,20874,11014,10984
5508,22923,17226,14506,5389,20874,11014,10984
5285,26005,11396,19815,5285,20874,11014,10984
5350,25486,11725,22862,5285,20874,11014,10984
5628,24433,13547,21188,5285,20874,11014,10984
8775,21051,17157,15530,5285,20874,11014,10984
8847,21065,24478,11064,5285,21010,11396,10984
8460,21763,23282,11643,5285,21010,11396,10984
6369,22550,19612,13711,5285,21010,11396,10984
5288,25702,11962,17607,5285,21010,11396,10984
5321,25632,11386,23263,5285,21010,11386,10984
5510,24961,12827,21721,5285,21010,11386,10984
7873,21314,15617,17732,5285,21010,11386,10984
9083,20920,23388,11568,5285,20920,11386,10984
8600,21597,23523,11306,5285,20920,11386,10984
7322,22329,21247,13008,5285,20920,11386,10984
5153,24652,13145,16206,5153,20920,11386,11306
5316,25607,11069,23050,5153,20920,11069,11306
5416,25224,12582,22134,5153,20920,11069,11306
6907,22275,14732,19357,5153,20920,11069,11306
9123,20843,21016,12440,5153,20843,11069,11306
8683,21365,24067,11034,5153,20843,11069,11034
8268,22087,22168,12548,5153,20843,11069,11034
5088,23556,15199,15148,5088,20843,11069,11034
5289,25367,10898,21351,5088,20843,10898,11034
5384,25361,11986,22545,5088,20843,10898,11034
5953,23497,13858,20708,5088,20843,10898,11034
9077,21031,18845,13914,5088,20843,10898,11034
8734,21213,24431,10940,5088,20843,10898,10940
8358,21906,23008,12142,5088,20843,10898,10940
5652,22756,17676,14260,5088,20843,10898,10940
5315,26136,11472,19286,5088,20843,10898,10940
5360,25455,11734,22927,5088,20843,10898,10940
5667,24503,13354,21048,5088,20843,10898,10940
8669,21013,16801,15884,5088,20843,10898,10940
8781,20987,24364,11239,5088,20843,10898,10940
8475,21674,23214,11580,5315,20987,11472,10940
6536,22401,19983,13596,5315,20987,11472,10940
5290,25309,12212,17225,5290,20987,11472,10940
5343,25229,11295,23026,5290,20987,11295,10940
5495,24454,12811,21484,5290,20987,11295,10940
7490,20581,15263,18131,5290,20581,11295,10940
8688,19322,22604,11662,5290,19322,11295,10940
8228,18824,23295,11279,5290,18824,11295,10940
7280,18436,20910,12991,5290,18436,11295,10940
5103,19952,13315,15729,5103,18436,11295,10940
5276,20282,10727,22380,5103,18436,10727,11279
5257,18302,12123,21530,5103,18302,10727,11279
5735,15289,14079,19090,5103,15289,10727,11279
7458,15166,19738,12476,5103,15166,10727,11279
7113,15958,23162,10816,5103,15166,10727,10816
7317,17360,21667,12248,5103,15166,10727,10816
4975,18860,15446,14899,4975,15166,10727,10816
5216,19644,10669,20342,4975,15166,10669,10816
5190,19602,11410,21922,4975,15166,10669,10816
5060,18687,13249,20081,4975,15166,10669,10816
7208,16313,17281,14005,4975,15166,10669,10816
6913,15514,23459,10706,4975,15166,10669,10706
6915,15821,22098,11761,4975,15166,10669,10706
5538,16345,17698,14054,4975,15166,10669,10706
5226,19244,11245,18331,4975,15166,10669,10706
5290,19338,10866,22417,4975,15166,10669,10706
5423,19799,12693,21052,4975,15166,10669,10706
8036,14688,16128,16284,4975,14688,10669,10706
8567,13768,24085,11372,4975,13768,10669,10706
8236,14380,23059,11513,4975,13768,10669,10706
6786,15656,20082,13568,5226,13768,10866,10706
5309,20263,12106,16788,5226,13768,10866,10706
5418,22779,10646,23245,5226,13768,10646,10706
5453,22131,12160,21834,5226,13768,10646,10706
7288,16079,14942,18572,5226,13768,10646,10706
8884,13607,22202,11869,5226,13607,10646,10706
8414,14277,23581,11231,5226,13607,10646,10706
7736,15285,21361,12809,5226,13607,10646,10706
5174,18385,13483,15433,5174,13607,10646,10706
5365,22230,10612,22671,5174,13607,10612,10706
5469,22458,11717,22232,5174,13607,10612,11231
6255,18080,13937,20018,5174,13607,10612,11231
8984,13910,19871,12867,5174,13607,10612,11231
8561,13978,23967,11084,5174,13607,10612,11084
8192,14951,22254,12273,5174,13607,10612,11084
5207,16955,16024,14684,5174,13607,10612,11084
5370,22193,10716,20569,5174,13607,10612,11084
5467,22730,11353,22669,5174,13607,10612,11084
5741,20193,13077,20973,5174,13607,10612,11084
8830,14252,17677,14688,5174,13607,10612,11084
8599,13739,24265,10864,5207,13739,10716,10864
8323,14611,22941,11692,5207,13739,10716,10864
6042,15967,18539,14018,5207,13739,10716,10864
5401,21707,11472,18232,5207,13739,10716,10864
5415,22891,10932,23091,5207,13739,10716,10864
5533,21580,12524,21521,5207,13739,10716,10864
7987,15064,15732,17152,5207,13739,10716,10864
8800,13696,23639,11484,5207,13696,10716,10864
8450,14325,23154,11340,5207,13696,10716,10864
7145,15500,20658,13175,5207,13696,10716,10864
5283,19634,12724,16453,5283,13696,10932,11340
5458,22642,10758,23056,5283,13696,10758,11340
5471,22407,12040,21986,5283,13696,10758,11340
6979,16856,14746,19284,5283,13696,10758,11340
8912,13594,21189,12261,5283,13594,10758,11340
8375,14195,23929,11034,5283,13594,10758,11034
8053,15123,21836,12560,5283,13594,10758,11034
5169,17730,14589,15251,5169,13594,10758,11034
5399,22103,10432,21644,5169,13594,10432,11034
5472,22615,11696,22491,5169,13594,10432,11034
5842,19095,13690,20395,5169,13594,10432,11034
8939,14022,18808,13672,5169,13594,10432,11034
8428,13886,24185,10852,5169,13594,10432,10852
8302,14768,22527,12169,5169,13594,10432,10852
5625,16389,17190,14337,5169,13594,10432,10852
5390,22250,11020,19457,5169,13594,10432,10852
5416,22872,11177,22867,5169,13594,10432,10852
5587,20947,13013,21177,5169,13594,10432,10852
8622,14609,16784,15601,5169,13594,10432,10852
8613,13761,24296,11098,5169,13594,10432,10852
8450,14487,23090,11696,5390,13761,11020,10852
6418,15764,19556,13642,5390,13761,11020,10852
5378,20957,11693,17425,5378,13761,11020,10852
5432,22766,10780,23176,5378,13761,10780,10852
5562,21807,12487,21475,5378,13761,10780,10852
7603,15346,15379,17698,5378,13761,10780,10852
8625,13661,23014,11637,5378,13661,10780,10852
8163,14291,23152,11405,5378,13661,10780,10852
7279,15387,20891,13104,5378,13661,10780,10852
5359,18876,12927,15775,5359,13661,10780,10852
5568,21807,10753,22661,5359,13661,10753,11405
5535,21600,11978,21697,5359,13661,10753,11405
6549,16660,14458,19184,5359,13661,10753,11405
8406,13766,20444,12441,5359,13661,10753,11405
8022,14210,23500,11083,5359,13661,10753,11083
7655,15008,21725,12507,5359,13661,10753,11083
5148,16932,14974,14794,5148,13661,10753,11083
5406,19927,10399,21045,5148,13661,10399,11083
5458,20221,11555,21941,5148,13661,10399,11083
5536,17706,13582,19897,5148,13661,10399,11083
8117,14743,18182,13728,5148,13766,10399,11083
7630,14045,23768,10782,5148,13766,10399,10782
7432,14370,22126,12040,5148,13766,10399,10782
5475,15585,17247,14255,5148,13766,10399,10782
5430,20112,11207,18858,5148,13766,10399,10782
5429,20490,11285,22190,5148,13766,10399,10782
5529,19743,12887,20782,5148,13766,10399,10782
7999,16363,16459,15871,5148,13766,10399,10782
8115,17449,24128,11302,5148,13766,10399,10782
8139,19736,23186,11709,5148,13766,10399,10782
6682,21533,19983,13654,5429,14045,11207,10782
5479,24969,12346,17204,5429,14045,11207,10782
5517,25384,11356,23120,5429,14045,11207,10782
5614,24854,12798,21822,5429,14045,11207,10782
7337,21394,15360,18307,5429,14045,11207,10782
8784,20822,22681,11834,5429,14045,11207,10782
8383,21452,23685,11288,5429,14045,11207,10782
7616,22219,21575,13000,5429,14045,11207,10782
5400,24212,13768,15691,5400,14045,11207,10782
5537,25315,11103,22928,5400,14045,11103,10782
5486,25226,12442,22354,5400,20822,11103,11288
6472,22580,14283,19885,5400,20822,11103,11288
8866,20816,20290,12815,5400,20816,11103,11288
8529,21235,24191,11086,5400,20816,11103,11086
8328,22005,22412,12520,5400,20816,11103,11086
5256,23234,16007,14976,5256,20816,11103,11086
5437,25573,11066,20837,5256,20816,11066,11086
5519,25351,11908,22606,5256,20816,11066,11086
5754,23871,13817,20817,5256,20816,11066,11086
9040,20874,18158,14396,5256,20816,11066,11086
8627,20986,24466,10937,5256,20816,11066,10937
8298,21712,23035,12050,5256,20816,11066,10937
6014,22482,18502,14241,5256,20816,11066,10937
5495,25956,11684,18614,5256,20816,11066,10937
5592,25350,11508,22742,5256,20816,11066,10937
5614,24453,13263,21246,5256,20816,11066,10937
7895,20457,16206,16527,5256,20457,11066,10937
8333,19773,23991,11453,5256,19773,11066,10937
8138,19740,23170,11653,5256,19740,11066,10937
6796,19558,20374,13345,5256,19558,11066,10937
5489,21908,12443,16552,5489,19558,11508,11453
5572,21921,10947,22819,5489,19558,10947,11453
5470,20873,12401,21305,5470,19558,10947,11453
6883,15517,15009,18171,5470,15517,10947,11453
7901,12927,21707,11939,5470,12927,10947,11453
7392,13202,23174,11058,5470,12927,10947,11058
7106,13850,20957,12774,5470,12927,10947,11058
5286,16034,13629,15499,5286,12927,10947,11058
5488,17793,10455,21619,5286,12927,10455,11058
5427,17759,11770,21365,5286,12927,10455,11058
5872,14136,13763,19068,5286,12927,10455,11058
7591,10912,19336,12846,5286,10912,10455,11058
7520,11413,23496,11041,5286,10912,10455,11041
7686,12506,22017,12377,5286,10912,10455,11041
5200,14656,15783,14620,5200,10912,10455,11041
5574,20261,10761,20174,5200,10912,10455,11041
5585,20905,11320,22121,5200,10912,10455,11041
5696,17897,13225,20524,5200,10912,10455,11041
8540,11304,17624,14605,5200,10912,10455,11041
8235,11028,24212,10957,5200,10912,10455,10957
8181,12171,22807,11868,5200,10912,10761,10957
5888,13851,18423,13900,5200,10912,10761,10957
5469,20418,11375,18284,5200,10912,10761,10957
5484,21619,10998,22789,5200,10912,10761,10957
5588,19626,12529,21343,5200,10912,10761,10957
8053,12089,15896,16917,5200,10912,10761,10957
8627,10853,23618,11433,5200,10853,10761,10957
8270,11884,23152,11339,5200,10853,10761,10957
6974,13276,20356,13305,5200,10853,10761,10957
5360,18362,12441,16577,5200,10853,10761,10957
5510,21546,10674,23000,5360,10853,10674,11339
5526,20572,12052,21850,5360,10853,10674,11339
7091,13944,14706,18865,5360,10853,10674,11339
8779,10584,21566,12100,5360,10584,10674,11339
8176,11602,23596,11098,5360,10584,10674,11098
7879,12832,21508,12718,5360,10584,10674,11098
5244,16265,14241,15199,5244,10584,10674,11098
5466,21044,10495,21966,5244,10584,10495,11098
5544,21073,11756,22142,5244,10584,10495,11098
6188,16324,13748,20106,5244,10584,10495,11098
8865,10910,19242,13206,5244,10584,10495,11098
8321,11268,23945,10949,5244,10584,10495,10949
8149,12466,22331,12128,5244,10584,10495,10949
5322,14676,16478,14634,5244,10584,10495,10949
5508,20961,10893,19753,5244,10584,10495,10949
5585,21503,11213,22520,5244,10584,10495,10949
5610,18536,13169,20934,5244,10584,10495,10949
8612,11443,17264,15082,5244,10584,10495,10949
8411,10998,24206,11067,5244,10584,10495,10949
8271,12144,22860,11787,5244,10584,10495,10949
6216,13712,18940,13910,5322,10998,10893,10949
5526,20097,11519,17790,5322,10998,10893,10949
5549,21743,10827,23041,5322,10998,10827,10949
5544,19912,12476,21565,5322,10998,10827,10949
7859,12415,15807,17457,5322,10998,10827,10949
8532,10756,23233,11603,5322,10756,10827,10949
8313,11817,23193,11319,5322,10756,10827,10949
7239,13129,20761,13063,5322,10756,10827,10949
5339,17663,12823,15932,5322,10756,10827,10949
5526,21360,10673,22822,5322,10756,10673,10949
5511,20818,12036,21843,5339,10756,10673,11319
6802,14703,14664,19451,5339,10756,10673,11319
8716,10627,20759,12388,5339,10627,10673,11319
8289,11496,23710,11096,5339,10627,10673,11096
8005,12688,21789,12428,5339,10627,10673,11096
5184,15578,14958,14997,5184,10627,10673,11096
5474,20932,10436,21220,5184,10627,10436,11096
5511,21308,11392,22239,5184,10627,10436,11096
5851,17095,13628,20419,5184,10627,10436,11096
8881,11032,18627,13798,5184,10627,10436,11096
8416,11110,24213,10931,5184,10627,10436,10931
8146,12336,22601,11866,5184,10627,10436,10931
5641,14200,17311,14195,5184,10627,10436,10931
5464,20860,11159,19073,5184,10627,10436,10931
5505,21604,11034,22564,5184,10627,10436,10931
5625,18997,12901,21098,5184,10627,10436,10931
8375,11638,16574,15701,5184,10627,10436,10931
8549,10927,24103,11243,5184,10627,10436,10931
8144,12036,22967,11594,5184,10627,10436,10931
6496,13506,19660,13566,5184,10627,10436,10931
5554,19055,11878,17237,5464,10927,11034,11243
5508,20750,10773,22763,5464,10927,10773,11243
5534,19106,12257,21356,5464,10927,10773,11243
7393,12467,15219,17704,5464,10927,10773,11243
8256,10739,22553,11729,5464,10739,10773,11243
7756,11722,22994,11167,5464,10739,10773,11167
6912,12744,20631,12973,5464,10739,10773,11167
5256,15753,13130,15514,5256,10739,10773,11167
5432,17714,10427,22116,5256,10739,10427,11167
5360,17899,11889,21394,5256,10739,10427,11167
5992,13721,14194,18937,5256,10739,10427,11167
7695,11637,20018,12528,5256,10739,10427,11167
7501,13603,23586,10909,5256,10739,10427,10909
7761,16606,22122,12476,5256,10739,10427,10909
5246,21029,15696,15030,5246,10739,10427,10909
5602,24692,10974,20765,5246,10739,10427,10909
5575,25057,11964,22382,5246,10739,10427,10909
5776,23792,13851,20605,5246,10739,10427,10909
8659,21018,18214,14427,5246,10739,10427,10909
7969,21205,24370,10992,5246,10739,10427,10909
8190,21938,23087,11880,5246,11637,10974,10909
6325,22730,18297,14082,5246,11637,10974,10909
6712,25988,11776,18706,5246,11637,10974,10909
6220,25506,11739,22842,5246,11637,10974,10909
5763,24729,13255,21333,5246,11637,10974,10909
7917,21110,16245,16506,5246,11637,10974,10909
8145,21030,24243,11525,5246,11637,10974,10909
8073,21697,23346,11653,5246,11637,10974,10909
7030,22480,20395,13317,5246,11637,10974,10909
5816,25244,12564,16808,5246,11637,10974,10909
5624,25650,11288,23186,5624,21030,11288,11525
5526,25026,12562,21974,5526,21030,11288,11525
7204,21657,15198,18722,5526,21030,11288,11525
8947,20816,22118,11991,5526,20816,11288,11525
8384,21495,23870,11266,5526,20816,11288,11266
8004,22240,21766,12930,5526,20816,11288,11266
5289,23985,14217,15731,5289,20816,11288,11266
5498,25342,11050,22371,5289,20816,11050,11266
5547,25339,12377,22250,5289,20816,11050,11266
6233,22891,14033,20215,5289,20816,11050,11266
8964,20995,19734,13262,5289,20816,11050,11266
8556,21297,24142,11017,5289,20816,11050,11017
8337,21984,22684,12252,5289,20816,11050,11017
5450,23086,16716,14828,5289,20816,11050,11017
5471,25838,11206,20193,5289,20816,11050,11017
5523,25486,11808,22758,5289,20816,11050,11017
5730,24232,13550,21108,5289,20816,11050,11017
8643,21001,17459,15209,5289,20816,11050,11017
8575,21012,24487,11058,5289,20816,11050,11017
8271,21692,23212,11878,5289,20816,11050,11017
6373,22505,19232,13988,5450,21001,11206,11017
5490,25821,11910,17992,5450,21001,11206,11017
5496,25582,11383,23246,5450,21001,11206,11017
5532,24876,13024,21797,5450,21001,11206,11017
7811,21226,15826,17589,5450,21001,11206,11017
8826,20916,23608,11597,5450,20916,11206,11017
8540,21653,23465,11356,5450,20916,11206,11017
7218,22348,21061,13144,5450,20916,11206,11017
5352,24716,13069,16439,5352,20916,11206,11017
5510,25545,11171,23120,5352,20916,11171,11017
5512,25196,12585,22133,5352,20916,11171,11356
6892,22250,14802,19487,5352,20916,11171,11356
8989,20775,21059,12451,5352,20775,11171,11356
8534,21323,24181,11172,5352,20775,11171,11172
8126,22085,22238,12478,5352,20775,11171,11172
5224,23611,15231,15083,5224,20775,11171,11172
5471,25331,10811,21534,5224,20775,10811,11172
5484,25376,12079,22675,5224,20775,10811,11172
5888,23528,13821,20569,5224,20775,10811,11172
8959,20943,18831,13876,5224,20775,10811,11172
8588,21165,24407,10953,5224,20775,10811,10953
8318,21855,22950,12114,5224,20775,10811,10953
5577,22786,17614,14257,5224,20775,10811,10953
5452,26027,11478,19332,5224,20775,10811,10953
5494,25291,11718,22730,5224,20775,10811,10953
5650,24241,13288,21123,5224,20775,10811,10953
8195,20629,16949,15743,5224,20629,10811,10953
8584,20225,24377,11193,5224,20225,10811,10953
8237,20231,23000,11697,5224,20225,10811,10953
6423,20331,19619,13684,5224,20225,10811,10953
5362,22900,12019,17364,5362,20225,11478,11193
5342,22242,10965,22670,5342,20225,10965,11193
5443,20859,12627,21209,5342,20225,10965,11193
7082,15651,15398,17580,5342,15651,10965,11193
8038,15001,22515,11692,5342,15001,10965,11193
7561,15800,22942,11271,5342,15001,10965,11193
6839,16883,20627,12894,5342,15001,10965,11193
5128,19419,13023,15510,5128,15001,10965,11193
5316,20079,10637,22171,5128,15001,10637,11193
5241,20225,11931,21354,5128,15001,10637,11193
5934,16858,14003,18880,5128,15001,10637,11271
7667,14726,20035,12533,5128,14726,10637,11271
7164,14744,23270,10907,5128,14726,10637,10907
7301,15414,21697,12360,5128,14726,10637,10907
5015,16826,15183,14832,5015,14726,10637,10907
5316,18852,10629,20461,5015,14726,10629,10907
5341,19339,11343,21799,5015,14726,10629,10907
5356,17550,13263,19932,5015,14726,10629,10907
7663,14648,17657,13910,5015,14648,10629,10907
7306,14500,23544,10781,5015,14500,10629,10781
7296,14863,22172,11794,5015,14500,10629,10781
5471,15710,17711,14036,5015,14500,10629,10781
5312,19144,11310,18457,5015,14500,10629,10781
5392,20555,10935,22382,5015,14500,10629,10781
5549,20404,12659,21031,5015,14500,10629,10781
8037,14904,16167,16375,5015,14500,10629,10781
8499,13956,23866,11414,5015,13956,10629,10781
8276,14580,23042,11497,5015,13956,10629,10781
6802,15795,20293,13282,5015,13956,10629,10781
5464,20195,12319,16692,5015,13956,10629,10781
5600,22882,10758,23135,5312,13956,10758,11414
5580,22294,12236,21857,5312,13956,10758,11414
7201,16456,15145,18749,5312,13956,10758,11414
8885,13758,21717,11945,5312,13758,10758,11414
8358,14384,23673,11120,5312,13758,10758,11120
7832,15356,21620,12657,5312,13758,10758,11120
5270,18326,14044,15369,5270,13758,10758,11120
5513,22127,10540,22290,5270,13758,10540,11120
5595,22753,11921,22188,5270,13758,10540,11120
6150,18577,13826,20121,5270,13758,10540,11120
8894,14143,19434,13102,5270,13758,10540,11120
8409,14134,24038,10992,5270,13758,10540,10992
8191,15056,22454,12176,5270,13758,10540,10992
5380,16822,16461,14640,5270,13758,10540,10992
5589,22352,10801,20152,5270,13758,10540,10992
5628,22855,11340,22681,5270,13758,10540,10992
5735,20679,13217,21020,5270,13758,10540,10992
8597,14569,17358,15072,5270,13758,10540,10992
8440,13885,24384,11033,5270,13758,10540,10992
8179,14749,22964,11741,5270,13758,10540,10992
6200,16058,18841,13874,5380,13885,10801,10992
5596,21549,11414,18105,5380,13885,10801,10992
5592,22939,10923,22943,5380,13885,10801,10992
5601,21866,12458,21551,5380,13885,10801,10992
7919,15256,15770,17224,5380,13885,10801,10992
8665,13904,23552,11554,5380,13885,10801,10992
8232,14538,23302,11401,5380,13885,10801,10992
7099,15653,20629,13087,5380,13885,10801,10992
5453,19805,12463,16405,5380,13885,10801,10992
5617,22781,10757,23093,5380,13885,10757,10992
5555,22380,12127,21939,5453,13904,10757,11401
7022,16865,14902,19115,5453,13904,10757,11401
8800,13785,21333,12149,5453,13785,10757,11401
8370,14349,23705,11158,5453,13785,10757,11158
8033,15307,21748,12555,5453,13785,10757,11158
5322,18002,14595,15190,5322,13785,10757,11158
5548,22192,10491,21822,5322,13785,10491,11158
5561,22827,11605,22423,5322,13785,10491,11158
5972,18934,13769,20224,5322,13785,10491,11158
8931,14128,19216,13421,5322,13785,10491,11158
8396,14098,24177,10897,5322,13785,10491,10897
8204,14980,22487,12223,5322,13785,10491,10897
5526,16709,16939,14372,5322,13785,10491,10897
5580,22255,11007,19753,5322,13785,10491,10897
5607,22597,11303,22568,5322,13785,10491,10897
5644,20447,13229,20779,5322,13785,10491,10897
8477,14550,17203,15126,5322,13785,10491,10897
8159,14004,24219,11132,5322,13785,10491,10897
8031,14707,22868,11786,5322,13785,10491,10897
6272,15969,19191,13831,5322,13785,10491,10897
5612,20631,11686,17630,5526,14004,11007,11132
5571,21488,10958,22748,5526,14004,10958,11132
5508,20389,12504,21135,5508,14004,10958,11132
7474,15096,15693,17186,5508,14004,10958,11132
7926,13959,22848,11597,5508,13959,10958,11132
7631,14602,22968,11328,5508,13959,10958,11132
6811,15574,20600,13117,5508,13959,10958,11132
5377,18625,12842,15815,5377,13959,10958,11132
5559,19852,10675,22449,5377,13959,10675,11132
5429,19222,11955,21426,5377,13959,10675,11132
6431,16434,14290,18836,5377,13959,10675,11328
8272,17766,20983,12462,5377,13959,10675,11328
8212,20258,23965,11239,5377,13959,10675,11239
8007,21686,22136,12526,5377,13959,10675,11239
5330,23440,15339,14944,5330,13959,10675,11239
5653,25369,11033,21310,5330,13959,10675,11239
5661,25334,12171,22451,5330,13959,10675,11239
5927,23660,13762,20542,5330,13959,10675,11239
8848,21041,18765,14035,5330,13959,10675,11239
8484,21269,24612,10912,5330,13959,10675,10912
8249,21895,22980,12040,5330,17766,11033,10912
5832,22830,17834,14273,5330,17766,11033,10912
5531,26160,11577,19163,5330,17766,11033,10912
5563,25575,11680,22988,5330,17766,11033,10912
5689,24683,13184,21449,5330,17766,11033,10912
8400,21109,16641,16363,5330,17766,11033,10912
8547,21012,24513,11382,5330,17766,11033,10912
8439,21679,23460,11639,5330,17766,11033,10912
6837,22486,20214,13522,5330,17766,11033,10912
5579,25336,12433,17261,5330,17766,11033,10912
5597,25595,11179,23374,5531,21012,11179,11382
5580,25009,12802,21985,5531,21012,11179,11382
7295,21696,15118,18697,5531,21012,11179,11382
8759,20850,22420,12032,5531,20850,11179,11382
8375,21556,23831,11162,5531,20850,11179,11162
7752,22252,21777,12851,5531,20850,11179,11162
5411,24163,14017,15612,5411,20850,11179,11162
5651,25335,10966,22584,5411,20850,10966,11162
5602,25354,12414,22357,5411,20850,10966,11162
6175,22859,14105,20102,5411,20850,10966,11162
8939,21020,19805,13215,5411,20850,10966,11162
8413,21336,24234,11034,5411,20850,10966,11034
8265,22020,22764,12304,5411,20850,10966,11034
5580,23085,16660,14532,5411,20850,10966,11034
5642,25909,11248,20113,5411,20850,10966,11034
5627,25447,11739,22868,5411,20850,10966,11034
5758,24237,13504,21022,5411,20850,10966,11034
8536,21023,17594,15160,5411,20850,10966,11034
8452,21164,24585,11054,5411,20850,10966,11034
8420,21794,23247,11770,5411,20850,10966,11034
6387,22615,19406,13899,5580,21023,11248,11034
5653,25782,11988,17974,5580,21023,11248,11034
5599,25605,11408,23311,5580,21023,11248,11034
5605,24929,12939,21737,5580,21023,11248,11034
7778,21326,15687,17608,5580,21023,11248,11034
8737,20954,23544,11652,5580,20954,11248,11034
8379,21638,23771,11413,5580,20954,11248,11034
7415,22356,21140,13066,5580,20954,11248,11034
5468,24718,13250,16053,5468,20954,11248,11034
5665,25444,11116,23294,5468,20954,11116,11034
5590,25207,12549,22226,5468,20954,11116,11413
6816,22218,14678,19411,5468,20954,11116,11413
8888,20897,21169,12464,5468,20897,11116,11413
8326,21450,24016,11110,5468,20897,11116,11110
7986,22188,22169,12560,5468,20897,11116,11110
5346,23611,15316,15137,5346,20897,11116,11110
5631,25389,11056,21461,5346,20897,11056,11110
5629,25388,12154,22556,5346,20897,11056,11110
5881,23526,13741,20595,5346,20897,11056,11110
8764,21007,18782,13910,5346,20897,11056,11110
8561,21191,24482,10980,5346,20897,11056,10980
8277,21830,23111,12177,5346,20897,11056,10980
5813,22798,17752,14365,5346,20897,11056,10980
5560,26120,11481,19302,5346,20897,11056,10980
5542,25485,11670,22837,5346,20897,11056,10980
5704,24573,13261,21273,5346,20897,11056,10980
8489,21032,17006,15902,5346,20897,11056,10980
8541,20995,24581,11168,5346,20897,11056,10980
8428,21709,23394,11758,5346,20897,11056,10980
6705,22458,20002,13630,5346,20897,11056,10980
5419,25490,12231,17352,5419,20995,11481,11168
5451,25447,11152,23226,5419,20995,11152,11168
5534,24864,12958,21754,5419,20995,11152,11168
7425,21205,15656,18022,5419,20995,11152,11168
8678,20527,22856,11835,5419,20527,11152,11168
8075,20671,23348,11276,5419,20527,11152,11168
7396,20688,21229,12865,5419,20527,11152,11168
5372,21794,13303,15705,5372,20527,11152,11168
5554,21908,10854,22431,5372,20527,10854,11168
5469,21743,11951,21593,5372,20527,10854,11168
6285,19759,14312,18962,5372,19759,10854,11276
8019,17965,20179,12488,5372,17965,10854,11276
7459,16758,23392,11060,5372,16758,10854,11060
7448,16370,21819,12296,5372,16370,10854,11060
5175,17434,15247,14672,5175,16370,10854,11060
5491,19589,10568,20497,5175,16370,10568,11060
5431,19565,11391,21597,5175,16370,10568,11060
5440,17640,13213,19963,5175,16370,10568,11060
7664,14265,17660,14072,5175,14265,10568,11060
7356,14010,23664,10843,5175,14010,10568,10843
7366,14612,22150,11945,5175,14010,10568,10843
5537,15630,17777,14037,5175,14010,10568,10843
5505,19409,11234,18355,5175,14010,10568,10843
5469,19748,11141,22080,5175,14010,10568,10843
5512,19509,12865,20600,5175,14010,10568,10843
7829,14690,16159,16162,5175,14010,10568,10843
8115,13759,23952,11487,5175,13759,10568,10843
8060,14473,22988,11565,5175,13759,10568,10843
6811,15637,20161,13509,5175,13759,10568,10843
5578,20192,12177,16733,5175,13759,10568,10843
5647,22559,10735,22967,5469,13759,10735,11487
5504,21990,12221,21715,5469,13759,10735,11487
7175,16093,14926,18529,5469,13759,10735,11487
8698,13649,22058,12019,5469,13649,10735,11487
8377,14242,23558,11141,5469,13649,10735,11141
7859,15276,21424,12945,5469,13649,10735,11141
5283,18373,13828,15586,5283,13649,10735,11141
5499,22155,10612,22350,5283,13649,10612,11141
5542,22610,11817,22153,5283,13649,10612,11141
6229,18117,13871,19940,5283,13649,10612,11141
8811,13919,19740,13043,5283,13649,10612,11141
8463,13991,23967,10984,5283,13649,10612,10984
8247,14972,22293,12363,5283,13649,10612,10984
5176,16960,16177,14717,5176,13649,10612,10984
5400,22303,10734,20324,5176,13649,10612,10984
5468,22855,11338,22622,5176,13649,10612,10984
5680,20221,13336,20856,5176,13649,10612,10984
8820,14326,17607,14864,5176,13649,10612,10984
8646,13799,24293,10910,5176,13649,10612,10910
8356,14600,22951,11693,5176,13649,10612,10910
6092,15966,18648,13983,5176,13799,10734,10910
5399,21668,11399,18161,5176,13799,10734,10910
5427,22906,10937,23009,5176,13799,10734,10910
5595,21736,12579,21556,5176,13799,10734,10910
8040,15113,15896,17246,5176,13799,10734,10910
8772,13707,23547,11468,5176,13707,10734,10910
8430,14382,23358,11358,5176,13707,10734,10910
7003,15527,20664,13180,5176,13707,10734,10910
5296,19588,12638,16446,5176,13707,10734,10910
5463,22752,10775,23118,5176,13707,10734,10910
5510,22453,12072,21981,5296,13707,10775,11358
7031,16821,14794,19288,5296,13707,10775,11358
8797,13610,21153,12255,5296,13610,10775,11358
8515,14140,23683,11081,5296,13610,10775,11081
8070,15146,21868,12472,5296,13610,10775,11081
5170,17792,14631,15156,5170,13610,10775,11081
5411,22125,10508,21747,5170,13610,10508,11081
5526,22678,11622,22240,5170,13610,10508,11081
5962,19080,13809,20443,5170,13610,10508,11081
8863,13998,18839,13642,5170,13610,10508,11081
8491,13892,24154,10948,5170,13610,10508,10948
8226,14780,22571,12084,5170,13610,10508,10948
5473,16458,17125,14304,5170,13610,10508,10948
5451,22274,11121,19553,5170,13610,10508,10948
5460,22982,11260,22738,5170,13610,10508,10948
5620,20978,12901,21119,5170,13610,10508,10948
8549,14566,16854,15680,5170,13610,10508,10948
8535,13730,24363,11167,5170,13610,10508,10948
8311,14524,23006,11721,5170,13610,10508,10948
6465,15802,19465,13690,5170,13610,10508,10948
5477,21145,11790,17547,5451,13730,11121,11167
5503,22960,10801,23171,5451,13730,10801,11167
5576,21949,12358,21670,5451,13730,10801,11167
7651,15445,15439,17983,5451,13730,10801,11167
8723,13650,22841,11750,5451,13650,10801,11167
8337,14294,23333,11298,5451,13650,10801,11167
7510,15400,21013,13062,5451,13650,10801,11167
5290,19060,13112,15828,5290,13650,10801,11167
5524,22582,10673,22949,5290,13650,10673,11167
5540,22588,11916,22100,5290,13650,10673,11167
6605,17518,14470,19603,5290,13650,10673,11298
8893,13744,20298,12661,5290,13650,10673,11298
8346,14013,23880,11045,5290,13650,10673,11045
8249,15046,22138,12511,5290,13650,10673,11045
5176,17123,15470,14778,5176,13650,10673,11045
5449,22222,10610,20867,5176,13650,10610,11045
5502,22888,11463,22610,5176,13650,10610,11045
5730,20001,13422,20697,5176,13650,10610,11045
8979,14220,18097,14386,5176,13650,10610,11045
8499,13799,24376,10891,5176,13650,10610,10891
8341,14673,22731,11914,5176,13744,10610,10891
5850,16065,18230,14177,5176,13744,10610,10891
5473,22023,11222,18514,5176,13744,10610,10891
5496,22999,11169,22947,5176,13744,10610,10891
5573,21549,12835,21312,5176,13744,10610,10891
8213,14854,16166,16720,5176,13744,10610,10891
8657,13718,24055,11433,5176,13718,10610,10891
8445,14431,23183,11489,5176,13718,10610,10891
6942,15656,20319,13430,5176,13718,10610,10891
5631,20263,12373,16604,5176,13718,10610,10891
5942,22696,10806,22874,5473,13718,10806,11433
5662,21990,12201,21626,5473,13718,10806,11433
7038,16157,15071,18647,5473,13718,10806,11433
8267,13674,21671,12140,5473,13674,10806,11433
7762,14289,23275,11202,5473,13674,10806,11202
7614,15194,21130,12872,5473,13674,10806,11202
5566,17886,13737,15198,5473,13674,10806,11202
5842,20319,10694,21750,5473,13674,10694,11202
5664,20341,11807,21629,5473,13674,10694,11202
5723,16897,13780,19507,5473,13674,10694,11202
7635,13687,19093,13013,5566,13674,10694,11202
7229,13888,23351,10939,5566,13674,10694,10939
7397,15503,22023,12375,5566,13674,10694,10939
5476,18522,16305,14632,5476,13674,10694,10939
5829,23696,11156,19887,5476,13674,10694,10939
5774,24632,11954,22363,5476,13674,10694,10939
5713,23974,13470,20807,5476,13674,10694,10939
8441,20976,17375,15175,5476,13674,10694,10939
8113,20972,24350,11153,5476,13674,10694,10939
8130,21724,23078,11866,5476,13674,10694,10939
6391,22504,19250,13930,5476,13888,11156,10939
5856,25808,12052,17933,5476,13888,11156,10939
5806,25584,11461,23160,5476,13888,11156,10939
5681,24934,13031,21540,5476,13888,11156,10939
7767,21192,15598,17579,5476,13888,11156,10939
8480,20946,23426,11692,5476,13888,11156,10939
8059,21555,23479,11498,5476,13888,11156,10939
7337,22366,21112,13148,5476,13888,11156,10939
5708,24685,13176,16040,5476,13888,11156,10939
5964,25545,11213,23137,5476,13888,11156,10939
5701,25162,12591,22090,5681,20946,11213,11498
6774,22242,14760,19478,5681,20946,11213,11498
8566,20927,20983,12556,5681,20927,11213,11498
8099,21422,23961,11124,5681,20927,11213,11124
8146,22124,22168,12625,5681,20927,11213,11124
5587,23454,15384,15013,5587,20927,11213,11124
5979,25390,11002,21341,5587,20927,11002,11124
5826,25425,12206,22461,5587,20927,11002,11124
5770,23605,13973,20498,5587,20927,11002,11124
8580,21095,18845,13972,5587,20927,11002,11124
8203,21317,24336,11034,5587,20927,11002,11034
8118,21983,22794,12085,5587,20927,11002,11034
6028,22853,17924,14249,5587,20927,11002,11034
6035,26129,11631,19095,5587,20927,11002,11034
5867,25553,11721,22884,5587,20927,11002,11034
5743,24651,13382,21119,5587,20927,11002,11034
8123,21132,16696,16110,5587,20927,11002,11034
8335,21030,24297,11337,5587,20927,11002,11034
8072,21746,23280,11701,5587,20927,11002,11034
6836,22564,20011,13436,5587,20927,11002,11034
5936,25436,12371,17124,5743,21030,11631,11337
5891,25657,11373,23163,5743,21030,11373,11337
5655,24971,12954,21915,5655,21030,11373,11337
7209,21558,15533,18375,5655,21030,11373,11337
8587,20999,22663,11858,5655,20999,11373,11337
8150,21573,23717,11430,5655,20999,11373,11337
7654,22349,21396,12982,5655,20999,11373,11337
5682,24275,13842,15629,5655,20999,11373,11337
5923,25390,11179,22656,5655,20999,11179,11337
5743,25224,12467,22235,5655,20999,11179,11337
6398,22730,14289,19879,5655,20999,11179,11430
8559,20976,20139,12992,5655,20976,11179,11430
8202,21445,24066,11155,5655,20976,11179,11155
8210,22111,22559,12408,5655,20976,11179,11155
5712,23250,16356,15033,5655,20976,11179,11155
5968,25772,11213,20562,5655,20976,11179,11155
5830,25467,11919,22543,5655,20976,11179,11155
5732,24127,13803,20956,5655,20976,11179,11155
8581,21055,17989,14846,5655,20976,11179,11155
8240,21196,24515,10989,5655,20976,11179,10989
8161,21965,23167,11865,5712,20976,11213,10989
6296,22753,18812,13876,5712,20976,11213,10989
5814,26065,11792,18393,5712,20976,11213,10989
5708,25556,11534,22979,5708,20976,11213,10989
5688,24934,13068,21487,5688,20976,11213,10989
7878,21297,15933,17164,5688,20976,11213,10989
8578,21040,23847,11458,5688,20976,11213,10989
8278,21754,23501,11645,5688,20976,11213,10989
7287,22508,20846,13427,5688,20976,11213,10989
5534,25073,12940,16563,5534,20976,11213,10989
5570,25664,11200,23207,5534,21040,11200,11458
5527,25276,12620,22013,5527,21040,11200,11458
6992,22248,14793,19205,5527,21040,11200,11458
8756,20912,21398,12413,5527,20912,11200,11458
7997,21596,23822,11181,5527,20912,11200,11181
8023,22224,21914,12612,5527,20912,11200,11181
5834,23664,14916,15189,5527,20912,11200,11181
6136,24990,10936,21551,5527,20912,10936,11181
5930,24796,12343,22259,5527,20912,10936,11181
5740,22584,13916,20250,5527,20912,10936,11181
8124,19726,18648,13728,5527,19726,10936,11181
7856,19243,24045,11006,5527,19243,10936,11006
7830,19310,22502,12237,5527,19243,10936,11006
6032,19845,17229,14315,5527,19243,10936,11006
6078,22574,11417,18959,5527,19243,10936,11006
5908,21872,11528,22242,5527,19243,10936,11006
5644,20815,12979,20743,5527,19243,10936,11006
7564,16970,16367,15752,5527,16970,10936,11006
7486,16603,23812,11342,5527,16603,10936,11006
7406,16491,22770,11596,5527,16491,10936,11006
6376,16548,19541,13549,5644,16491,11417,11006
5980,19265,12107,17061,5644,16491,11417,11006
5978,19100,10968,22419,5644,16491,10968,11006
5611,18479,12351,21166,5611,16491,10968,11006
6518,14564,14742,17937,5611,14564,10968,11006
7263,14127,21719,11833,5611,14127,10968,11006
6984,14665,22876,11252,5611,14127,10968,11006
6866,15474,20988,12790,5611,14127,10968,11006
5730,17637,13683,15304,5611,14127,10968,11006
6008,18585,10581,21900,5611,14127,10581,11006
5678,18950,11683,21390,5611,14127,10581,11252
5728,16243,13863,19368,5611,14127,10581,11252
7176,14389,19378,13027,5611,14127,10581,11252
6890,14537,23153,11018,5611,14127,10581,11018
7176,15157,21747,12398,5611,14127,10581,11018
5639,16487,16129,14560,5611,14127,10581,11018
5978,19536,10812,19965,5611,14127,10581,11018
5776,19810,11404,21897,5611,14127,10581,11018
5477,18419,13327,20213,5477,14127,10581,11018
7597,14463,17082,14735,5477,14127,10581,11018
7353,13626,23659,11012,5477,13626,10812,11012
7273,13764,22380,11769,5477,13626,10812,11012
6071,14640,18679,13829,5477,13626,10812,11012
5924,19280,11639,17696,5477,13626,10812,11012
5943,20830,10851,22575,5477,13626,10812,11012
5677,20091,12528,21228,5477,13626,10812,11012
7514,13810,15479,17315,5477,13626,10812,11012
8040,12469,23222,11694,5477,12469,10812,11012
7883,13338,23153,11418,5477,12469,10812,11012
7411,14471,20837,13125,5477,12469,10812,11012
6044,18495,12900,16126,5677,12469,10851,11418
6072,22006,10731,22803,5677,12469,10731,11418
5718,21697,12102,21934,5677,12469,10731,11418
6657,16126,14624,19433,5677,12469,10731,11418
8693,12312,20689,12481,5677,12312,10731,11418
8340,12948,23785,11076,5677,12312,10731,11076
8108,14033,22033,12424,5677,12312,10731,11076
5235,16576,15140,15140,5235,12312,10731,11076
5451,21599,10489,21105,5235,12312,10489,11076
5505,22166,11535,22313,5235,12312,10489,11076
5769,18576,13625,20669,5235,12312,10489,11076
8942,12778,18523,13980,5235,12312,10489,11076
8520,12598,24213,10936,5235,12312,10489,10936
8177,13657,22661,11931,5235,12312,10489,10936
5815,15292,17695,14155,5235,12312,10489,10936
5601,21413,11211,18911,5235,12312,10489,10936
5570,22308,11041,22775,5235,12312,10489,10936
5627,20451,12737,21341,5235,12312,10489,10936
8280,13494,16353,16193,5235,12312,10489,10936
8638,12494,24153,11329,5235,12312,10489,10936
8294,13383,23040,11544,5570,12494,11041,10936
6698,14720,19941,13407,5570,12494,11041,10936
5580,19831,12153,16988,5570,12494,11041,10936
5697,22292,10831,23072,5570,12494,10831,10936
5710,21361,12286,21800,5570,12494,10831,10936
7215,14815,15091,18353,5570,12494,10831,10936
8473,12314,22138,11983,5570,12314,10831,10936
7995,13188,23425,11174,5570,12314,10831,10936
7729,14273,21200,12827,5570,12314,10831,10936
5553,17623,13767,15781,5553,12314,10831,10936
5812,21690,10645,22359,5553,12314,10645,11174
5712,21862,11866,22102,5553,12314,10645,11174
6274,17162,14069,19856,5553,12314,10645,11174
8565,12521,19808,13036,5553,12314,10645,11174
8149,12822,23947,11032,5553,12314,10645,11032
8067,13878,22247,12354,5553,12314,10645,11032
5449,15950,16187,14863,5449,12314,10645,11032
5804,21577,10828,20215,5449,12314,10645,11032
5800,22244,11520,22384,5449,12314,10645,11032
5728,19379,13348,20750,5449,12314,10645,11032
8541,13046,17563,14804,5449,12521,10828,11032
8099,12530,24382,10987,5449,12521,10828,10987
8189,13609,22842,11814,5449,12521,10828,10987
6299,15002,18766,14077,5449,12521,10828,10987
5714,20988,11404,17993,5449,12521,10828,10987
5708,22439,10997,22786,5449,12521,10828,10987
5645,20777,12691,21329,5449,12521,10828,10987
7642,13851,15871,17127,5449,12521,10828,10987
8388,12426,23482,11566,5449,12426,10828,10987
8115,13338,23046,11380,5449,12426,10828,10987
7102,14498,20444,13197,5645,12426,10997,10987
5583,18675,12581,16358,5583,12426,10997,10987
5913,21246,10806,22476,5583,12426,10806,10987
5767,20631,12094,21388,5583,12426,10806,10987
6685,14968,14374,18773,5583,12426,10806,10987
7828,12346,20731,12305,5583,12346,10806,10987
7277,12164,23006,11171,5583,12164,10806,10987
7336,12946,21365,12450,5583,12164,10806,10987
5403,15024,14492,14932,5403,12164,10806,10987
5740,18116,10501,21053,5403,12164,10501,10987
5594,18103,11592,21283,5403,12164,10501,11171
5507,14495,13614,19519,5403,12164,10501,11171
7429,10659,18376,13459,5403,10659,10501,11171
7289,12305,23655,10912,5403,10659,10501,10912
7493,15600,22442,12023,5403,10659,10501,10912
5657,19505,17457,14209,5403,10659,10501,10912
5832,24723,11537,19238,5403,10659,10501,10912
5732,24967,11812,22655,5403,10659,10501,10912
5666,24397,13330,21071,5403,10659,10501,10912
8219,21014,16649,16023,5403,10659,10501,10912
8344,20969,24427,11276,5507,10659,11537,10912
8264,21618,23372,11813,5507,10659,11537,10912
6837,22469,20062,13665,5507,10659,11537,10912
5956,25453,12321,17311,5507,10659,11537,10912
5640,25545,11204,23366,5507,10659,11204,10912
5618,24967,12985,21922,5507,10659,11204,10912
7207,21471,15311,18431,5507,10659,11204,10912
8809,20849,22702,11812,5507,10659,11204,10912
8284,21485,23723,11313,5507,10659,11204,10912
7702,22176,21436,13065,5507,10659,11204,10912
5376,24242,13880,16013,5376,20849,11204,11313
5666,25318,11019,22613,5376,20849,11019,11313
5664,25268,12590,22215,5376,20849,11019,11313
6390,22709,14229,20099,5376,20849,11019,11313
8717,20877,20069,12981,5376,20849,11019,11313
8267,21299,24209,11016,5376,20849,11019,11016
8092,21933,22488,12319,5376,20849,11019,11016
5456,23175,16323,14779,5376,20849,11019,11016
5606,25729,11123,20575,5376,20849,11019,11016
5562,25485,12004,22644,5376,20849,11019,11016
5690,24062,13591,20860,5456,20877,11019,11016
8702,20965,17758,14911,5456,20877,11019,11016
8515,21053,24491,10999,5456,20877,11019,10999
8220,21735,23138,11902,5456,20877,11019,10999
6295,22584,19016,13935,5456,20877,11019,10999
5635,25951,11770,18118,5456,20877,11019,10999
5601,25617,11455,23083,5456,20877,11019,10999
5588,24759,13157,21587,5456,20877,11019,10999
7883,21172,16167,17257,5456,20877,11019,10999
8589,20897,23682,11529,5456,20877,11019,10999
8373,21589,23452,11499,5588,20897,11455,10999
7287,22306,20778,13275,5588,20897,11455,10999
5521,24861,13020,16513,5521,20897,11455,10999
5664,25674,11227,23236,5521,20897,11227,10999
5518,25131,12678,22086,5518,20897,11227,10999
6931,22103,14988,19285,5518,20897,11227,10999
8768,20759,21421,12386,5518,20759,11227,10999
8390,21402,23895,11196,5518,20759,11227,10999
8110,22117,22087,12612,5518,20759,11227,10999
5339,23666,14890,15140,5339,20759,11227,10999
5564,25342,10968,21725,5339,20759,10968,11196
5567,25405,12285,22475,5339,20759,10968,11196
5866,23417,14031,20500,5339,20759,10968,11196
8868,21004,19068,13738,5339,20759,10968,11196
8378,21216,24327,11040,5339,20759,10968,11040
8315,21941,22919,12264,5339,20759,10968,11040
5808,22818,17353,14379,5339,20759,10968,11040
5612,26101,11431,19330,5339,20759,10968,11040
5602,25448,11724,22826,5339,20759,10968,11040
5630,24536,13307,21317,5339,20759,10968,11040
8243,21015,16987,15819,5567,21004,11431,11040
8500,20966,24432,11225,5567,20966,11431,11040
8319,21669,23247,11795,5567,20966,11431,11040
6618,22486,19880,13761,5567,20966,11431,11040
5560,25586,12254,17386,5560,20966,11431,11040
5583,25579,11336,23341,5560,20966,11336,11040
5536,24980,12885,21855,5536,20966,11336,11040
7478,21442,15491,18133,5536,20966,11336,11040
8765,20841,22945,11760,5536,20841,11336,11040
8335,21488,23630,11330,5536,20841,11336,11040
7628,22245,21502,13008,5536,20841,11336,11225
5385,24317,13599,15812,5385,20841,11336,11225
5571,25375,11064,22786,5385,20841,11064,11225
5637,25306,12569,22150,5385,20841,11064,11225
6473,22536,14583,19758,5385,20841,11064,11225
8629,20844,20458,12754,5385,20841,11064,11225
8100,21353,23987,11139,5385,20841,11064,11139
8106,22022,22303,12401,5385,20841,11064,11139
5658,23260,16067,14886,5385,20841,11064,11139
6041,25509,11034,20760,5385,20841,11034,11139
5688,25431,12102,22465,5385,20844,11034,11139
5798,23841,13636,20615,5385,20844,11034,11139
8948,20931,18232,14288,5385,20844,11034,11139
8477,21058,24448,10985,5385,20844,11034,10985
8337,21639,22880,12086,5385,20844,11034,10985
5905,22292,18232,14270,5385,20844,11034,10985
5448,25240,11533,18530,5385,20844,11034,10985
5458,24013,11528,22622,5385,20844,11034,10985
5581,22370,12965,21174,5385,20844,11034,10985
7964,17074,16371,16201,5385,17074,11034,10985
8010,15138,23799,11335,5448,15138,11528,10985
7624,14103,22733,11524,5448,14103,11528,10985
6227,14451,19826,13441,5448,14103,11528,10985
5409,17269,12040,16747,5409,14103,11528,10985
5452,17757,10654,22416,5409,14103,10654,10985
5209,17282,12272,21074,5209,14103,10654,10985
6426,13145,14516,17901,5209,13145,10654,10985
7412,11925,21650,11835,5209,11925,10654,10985
7255,12817,22804,11000,5209,11925,10654,10985
7000,13564,20929,12611,5209,11925,10654,10985
5208,15787,13703,15491,5208,11925,10654,11000
5413,17454,10488,21711,5208,11925,10488,11000
5322,17613,11639,21478,5208,11925,10488,11000
5628,14566,13752,19347,5208,11925,10488,11000
7490,12121,19103,12763,5208,11925,10488,11000
7276,12483,23238,10979,5208,11925,10488,10979
7386,13320,21845,12081,5208,11925,10488,10979
5219,14711,16050,14555,5208,11925,10488,10979
5455,18047,10817,19990,5208,11925,10488,10979
5381,18247,11188,21911,5208,11925,10488,10979
5293,16399,13184,20247,5219,12121,10488,10979
7582,12130,17088,14525,5219,12121,10488,10979
7319,12047,23674,10885,5219,12047,10488,10885
7471,12988,22400,11826,5219,12047,10488,10885
5976,14295,18517,13817,5219,12047,10488,10885
5577,20043,11458,17898,5219,12047,10488,10885
5613,21590,11047,22760,5219,12047,10488,10885
5616,20113,12746,21220,5219,12047,10488,10885
7850,13066,15885,17275,5219,12047,10488,10885
7997,11790,23348,11668,5219,11790,10488,10885
7854,12769,23003,11508,5577,11790,11047,10885
7296,13985,20600,13283,5577,11790,11047,10885
6117,18361,12621,16182,5577,11790,11047,10885
6170,21713,10707,22894,5577,11790,10707,10885
5827,21185,12098,21825,5577,11790,10707,10885
6740,15121,14529,19184,5577,11790,10707,10885
8755,11530,21122,12258,5577,11530,10707,10885
8242,12393,23566,11082,5577,11530,10707,10885
8077,13561,21584,12605,5577,11530,10707,10885
5406,16420,14644,15152,5406,11530,10707,10885
5737,21392,10517,21555,5406,11530,10517,11082
5691,21735,11595,22217,5406,11530,10517,11082
5777,17579,13797,20275,5406,11530,10517,11082
8798,11970,18828,13635,5406,11530,10517,11082
8291,12031,24027,10931,5406,11530,10517,10931
8118,13191,22344,12092,5406,11530,10517,10931
5653,14996,17063,14487,5406,11530,10517,10931
5700,21422,11002,19268,5406,11530,10517,10931
5701,21987,11078,22656,5406,11530,10517,10931
5694,19589,12928,21156,5406,11530,10517,10931
8392,12529,16724,15657,5653,11970,11002,10931
8394,11852,24148,11167,5653,11852,11002,10931
8154,12935,22898,11567,5653,11852,11002,10931
6543,14333,19514,13571,5653,11852,11002,10931
5709,19970,11806,17326,5653,11852,11002,10931
5696,22061,10747,23031,5653,11852,10747,10931
5651,20781,12457,21614,5651,11852,10747,10931
7496,13625,15195,18151,5651,11852,10747,10931
8466,11653,22750,11747,5651,11653,10747,10931
8106,12655,23238,11283,5651,11653,10747,10931
7495,13838,21057,12841,5651,11653,10747,11167
5479,17679,13094,15734,5479,11653,10747,11167
5697,21670,10580,22585,5479,11653,10580,11167
5657,21482,11955,21957,5479,11653,10580,11167
6524,15927,14395,19780,5479,11653,10580,11167
8542,11689,20093,12678,5479,11653,10580,11167
8198,12306,23765,11122,5479,11653,10580,11122
8097,13459,22098,12343,5479,11653,10580,11122
5329,15795,15512,14798,5329,11653,10580,11122
5707,21398,10625,20847,5329,11653,10580,11122
5642,21855,11378,22387,5329,11689,10580,11122
5786,18500,13386,20715,5329,11689,10580,11122
8690,12161,17984,14480,5329,11689,10580,11122
8391,11970,24105,10890,5329,11689,10580,10890
8201,13122,22601,11966,5329,11689,10580,10890
5881,14678,18034,13937,5329,11689,10580,10890
5675,21212,11262,18612,5329,11689,10580,10890
5613,22152,11011,22770,5329,11689,10580,10890
5675,20129,12632,21301,5329,11689,10580,10890
8151,12807,16079,16604,5329,11689,10580,10890
8375,11828,23748,11442,5613,11828,11011,10890
8098,12822,22940,11609,5613,11828,11011,10890
6831,14156,19987,13280,5613,11828,11011,10890
5527,19258,12221,16627,5527,11828,11011,10890
5576,21798,10687,22905,5527,11828,10687,10890
5534,20527,12166,21579,5527,11828,10687,10890
7144,14048,14902,18523,5527,11828,10687,10890
8361,11608,21922,11883,5527,11608,10687,10890
7913,12567,23225,11230,5527,11608,10687,10890
7447,13660,21165,12670,5527,11608,10687,10890
5312,16444,13604,15311,5312,11608,10687,11230
5552,19463,10555,22158,5312,11608,10555,11230
5515,19640,11783,21758,5312,11608,10555,11230
5957,15720,13954,19745,5312,11608,10555,11230
8016,11847,19297,12890,5312,11608,10555,11230
7673,12249,23410,10969,5312,11608,10555,10969
7443,12967,21896,12208,5312,11608,10555,10969
5279,14415,15928,14490,5279,11608,10555,10969
5548,18640,10770,19968,5279,11608,10555,10969
5444,18739,11231,21981,5279,11608,10555,10969
5309,17268,12945,20384,5279,11847,10555,10969
7603,12828,16870,14707,5279,11847,10555,10969
7403,13333,23556,10955,5279,11847,10555,10955
7568,15728,22575,11812,5279,11847,10555,10955
6015,19108,18830,13907,5279,11847,10555,10955
5609,24540,11782,17950,5279,11847,10555,10955
5618,25049,11542,22865,5279,11847,10555,10955
5633,24717,13151,21508,5279,11847,10555,10955
7866,21240,15677,17441,5279,11847,10555,10955
8738,21060,23483,11596,5279,11847,10555,10955
8445,21661,23368,11438,5609,12828,11542,10955
7237,22467,21012,13095,5609,12828,11542,10955
5253,24859,13000,16147,5253,12828,11542,10955
5395,25751,11054,23278,5253,12828,11054,10955
5475,25400,12538,22192,5253,12828,11054,10955
6788,22265,14722,19476,5253,12828,11054,10955
8987,20961,21134,12345,5253,12828,11054,10955
8437,21561,24036,11113,5253,12828,11054,10955
8165,22285,22010,12600,5253,12828,11054,10955
5136,23694,14994,15268,5136,12828,11054,10955
5352,25493,10883,21548,5136,20961,10883,11113
5470,25517,12240,22416,5136,20961,10883,11113
5916,23628,13916,20601,5136,20961,10883,11113
8962,21101,18974,13811,5136,20961,10883,11113
8593,21311,24309,10955,5136,20961,10883,10955
8320,22045,22708,12130,5136,20961,10883,10955
5592,22950,17581,14405,5136,20961,10883,10955
5383,26398,11502,19439,5136,20961,10883,10955
5386,25831,11653,23052,5136,20961,10883,10955
5736,24870,13415,21466,5136,20961,10883,10955
8733,21115,16999,15965,5383,21101,11502,10955
9030,21129,24558,11137,5383,21101,11502,10955
8754,21811,23530,11515,5383,21101,11502,10955
6544,22738,19874,13910,5383,21101,11502,10955
4811,28647,11942,21299,4811,21101,11502,10955
5237,30628,10323,29370,4811,21101,10323,10955
6769,28956,12963,26701,4811,21101,10323,10955
12097,23124,18573,20071,4811,21101,10323,10955
15982,19960,27277,11395,4811,19960,10323,10955
14750,21228,29560,10259,4811,19960,10323,10259
11454,22865,24387,13319,4811,19960,10323,10259
4671,26774,15168,18308,4671,19960,10323,10259
4834,31273,9868,26729,4671,19960,9868,10259
6110,29748,11757,28162,4671,19960,9868,10259
9801,24993,16570,22737,4671,19960,9868,10259
16179,20096,25231,13185,4671,19960,9868,10259
15002,20924,30168,10048,4671,19960,9868,10048
12758,22423,25705,12584,4671,19960,9868,10048
5359,25691,17173,16914,4671,19960,9868,10048
4771,31139,9755,25018,4671,19960,9755,10048
5725,29872,11346,28287,4671,20096,9755,10048
8002,26190,15183,23934,4671,20096,9755,10048
15233,20707,22573,15161,4671,20096,9755,10048
14412,20653,29900,9918,4671,20096,9755,9918
12865,22017,26593,11758,4671,20096,9755,9918
6431,24351,18640,15696,4671,20096,9755,9918
4855,29868,10515,23196,4671,20096,9755,9918
5555,29498,11259,27924,4671,20096,9755,9918
7237,26892,14325,24394,4671,20096,9755,9918
13478,21057,20759,16161,4671,20096,9755,9918
13440,20642,28912,9985,4855,20642,10515,9918
12208,21795,26465,11472,4855,20642,10515,9918
6981,23524,19864,14719,4855,20642,10515,9918
4913,28473,11471,21058,4855,20642,10515,9918
5324,29097,10835,27420,4855,20642,10515,9918
6560,27831,13122,24692,4855,20642,10515,9918
11809,21737,18689,17936,4855,20642,10515,9918
13051,20573,27366,10690,4855,20573,10515,9918
11922,21590,26766,11025,4855,20573,10515,9918
8268,22937,21903,13937,4855,20573,10515,9918
4927,27162,12380,19145,4913,20573,10835,10690
5201,29321,10488,27604,4913,20573,10488,10690
6208,28504,12633,25717,4913,20573,10488,10690
10150,23245,16975,20240,4913,20573,10488,10690
13319,20296,24939,11580,4913,20296,10488,10690
12360,21257,28110,10338,4913,20296,10488,10338
11585,22765,24773,13179,4913,20296,10488,10338
4727,26680,15660,18147,4727,20296,10488,10338
4768,31932,9659,26722,4727,20296,9659,10338
6005,30348,11614,28675,4727,20296,9659,10338
9518,25395,16296,23547,4727,20296,9659,10338
16884,20122,24750,13756,4727,20122,9659,10338
15926,20744,30636,9828,4727,20122,9659,9828
13572,22417,26159,12355,4727,20122,9659,9828
5560,25986,17239,17154,4727,20122,9659,9828
4683,31757,9604,25857,4683,20122,9604,9828
5967,29793,11885,24672,4683,20122,9604,9828
6299,24007,14085,20939,4683,20122,9604,9828
9697,21112,21249,13763,4683,20122,9604,9828
11893,21332,27491,10707,4683,20122,9604,9828
8377,22469,23064,14011,4683,20122,9604,9828
4850,26201,16945,17455,4683,20122,9604,9828
4671,31721,9621,25519,4671,20122,9604,9828
5796,30664,11437,29082,4671,20122,9604,9828
8921,24964,16583,22340,4671,20122,9604,9828
13709,20608,24092,13778,4671,20122,9604,9828
13648,21049,29844,10103,4671,20122,9604,9828
12072,22529,26399,12140,4671,20122,9604,9828
5965,25536,18264,16412,4671,20122,9604,9828
4676,31090,10062,24655,4671,20122,9604,9828
5629,30665,11217,29223,4671,20608,9621,10103
7880,26973,14949,24951,4671,20608,9621,10103
15527,21053,22510,16141,4671,20608,9621,10103
15763,20406,30830,9547,4671,20406,9621,9547
13899,22024,27418,11424,4671,20406,9621,9547
7044,24576,19549,15533,4671,20406,9621,9547
4695,30257,10903,23470,4671,20406,9621,9547
5436,30655,10809,29371,4671,20406,9621,9547
7459,27735,14214,25337,4671,20406,9621,9547
14418,21493,21055,16995,4671,20406,9621,9547
14866,20389,29765,9836,4695,20389,10809,9547
13331,21745,27636,11332,4695,20389,10809,9547
7821,23779,20555,14762,4695,20389,10809,9547
4790,28973,11657,21510,4695,20389,10809,9547
5281,30265,10551,29007,4695,20389,10551,9547
6845,28610,13432,25934,4695,20389,10551,9547
12794,22357,19024,18552,4695,20389,10551,9547
14867,20194,27945,10588,4695,20194,10551,9547
13495,21446,28522,10693,4695,20194,10551,9547
9547,23241,22899,13872,4695,20194,10551,9547
4766,27798,13216,19624,4766,20194,10551,10588
5064,30579,10077,28294,4766,20194,10077,10588
6387,29318,12382,27005,4766,20194,10077,10588
10755,23944,17216,21274,4766,20194,10077,10588
15609,19922,25674,12295,4766,19922,10077,10588
14233,21190,29393,10181,4766,19922,10077,10181
12118,22574,25358,12725,4766,19922,10077,10181
5028,25847,16476,17263,4766,19922,10077,10181
4812,31198,9798,25290,4766,19922,9798,10181
5835,29841,11625,27967,4766,19922,9798,10181
8334,26003,15653,23775,4812,19922,9798,10181
15497,20762,23117,14565,4812,19922,9798,10181
14630,20770,30040,9964,4812,19922,9798,9964
12944,22217,26279,11809,4812,19922,9798,9964
6001,25013,18094,16140,4812,19922,9798,9964
4797,30668,10142,24255,4797,19922,9798,9964
5628,29942,11416,28184,4797,19922,9798,9964
7688,26463,15020,24352,4797,19922,9798,9964
15049,20803,22545,15586,4797,19922,9798,9964
14599,20689,30325,9675,4797,19922,9798,9675